id,user_id,extended_tweet_full_text,extended_tweet_full_text_duplicate,final,final_score,final_keyword_match
1.3047857184982753e+18,1.296229131915493e+18,truthfully i took it out earlier in quarantine but i‚Äôm considering getting it pierced for a third time next year because  my vanity outweighs the inevitable pain of piercing through scar tissue again,truthfully I took it out earlier in quarantine but I‚Äôm considering getting it pierced for a third time next year because ??? my vanity outweighs the inevitable pain of piercing through scar tissue AGAIN,truthfully take out earlier quarantine  consider get pierce third time next year vanity outweighs the inevitable pain pierce scar tissue,100,take out
1.3047857260857508e+18,1494313802.0,please be kind to teachers in the next few weeks  teacher teacherlife remotelearning covid,"Please be kind to teachers in the next few weeks.

#teacher #teacherlife #remotelearning #COVID https://t.co/nntjnHi8ND",please kind to teacher the next week teacher teacherlife remotelearning covid,100,remote
1.3047857405936804e+18,1.061881758570795e+18,closing next week had to move out for a few days in order for some quiet last ditch zooming the downside of working from home when kids have no school and girls are very chatty   hongkong,"Closing next week, had to move out for a few days in order for some quiet last ditch Zooming. The downside of working from home when kids have no school and girls are very chatty. 

#hongkong https://t.co/9KuB0Je2cA",closing next week to move out day order quiet last ditch zoom the downside work from home kid no school girl chatty hongkong,100,zoom
1.3047857410592973e+18,8.289751537365156e+17,due to the pandemic children are not going outside and pedophiles are unable to lure children netflix is giving something to quench the appetite of pedophiles  there is no other explanation for this cancelnetflix,"@ScottPresler @MaryMargOlohan Due to the pandemic, children are not going outside, and Pedophiles are unable to lure Children. Netflix is giving something to quench the appetite of pedophiles.

There is no other explanation for this.
#CancelNetflix",due to the pandemic child go outside pedophile unable to lure child netflix give something to quench the appetite pedophile no explanation cancelnetflix,100,netflix
1.3047857503246623e+18,301573457.0,i doubt it up here anyway there has been plenty of players tested positive and taken out of selectionbut this issue is different because the team is now suffering in a sporting sense as a result if that is allowed to happen theyll for sure start to hide it,"@hired_merc I doubt it, up here anyway. There has been plenty of players tested positive and taken out of selection......but this issue is different, because the team is now suffering in a sporting sense as a result, if that is allowed to happen, they'll for sure start to hide it.",doubt anyway plenty player test positive take out selectionbut issue different the team suffer sport sense result allow to happen theyll sure start to hide,100,take out
1.3047857613766287e+18,1231412010.0,the current covid19 pandemic has thrown the world upside down making a lot of people worried about the future learn how to prepare for retirement with the changes  personalfinance retirement,"The current COVID-19 pandemic has thrown the world upside down, making a lot of people worried about the future. Learn how to prepare for retirement with the changes. https://t.co/y3ExgzfmbG

#PersonalFinance #Retirement https://t.co/HsWBDrY5fN",the current covid19 pandemic thrown the world upside make lot people worried the future learn to prepare retirement the change personalfinance retirement,100,learn
1.30478578015855e+18,8.289751537365156e+17,due to the pandemic children are not going outside and pedophiles are unable to lure children netflix is giving something to quench the appetite of pedophiles  there is no other explanation for this cancelnetflix,"@DoniTheDon_ @MaryMargOlohan Due to the pandemic, children are not going outside, and Pedophiles are unable to lure Children. Netflix is giving something to quench the appetite of pedophiles.

There is no other explanation for this.
#CancelNetflix",due to the pandemic child go outside pedophile unable to lure child netflix give something to quench the appetite pedophile no explanation cancelnetflix,100,netflix
1.3047857860013957e+18,23986208.0,and by ‚Äúdoing well‚Äù do you mean you covid numbers are going to go up after the rally,@realDonaldTrump And by ‚Äúdoing well‚Äù do you mean you Covid numbers are going to go up after the rally? @maddow @JoyAnnReid, well  do mean covid number go to go the rally,100,to go
1.3047857888073807e+18,7.00496761954005e+17,no please don‚Äôt say thateveryone takes it out of context just go to polling place amp vote if you can go to grocery store shopping then 10minutes at polling place social distancing with a mask should be fine democrats are gonna cheat it‚Äôs inevitable just tell america your plans,@realDonaldTrump No please don‚Äôt say thatEveryone takes it out of context. just go to polling place &amp; vote if you can go to grocery store shopping. Then 10minutes at polling place social distancing with a mask should be fine. Democrats are gonna cheat it‚Äôs inevitable. Just tell America your plans,no please  say thateveryone take out context go to polling place amp vote go to grocery store shopping 10minutes at polling place social distance mask fine democrat gon na cheat  inevitable tell america your plan,100,take out
1.3047858126729093e+18,1.169797235841876e+18,the virus is never going to go away get used to it and start fucking living,"@YourAnonNews The virus is never going to go away. Get used to it, and start fucking living",the virus never go to go away get use to start fuck living,100,to go
1.3047858057060147e+18,1.2648260706597888e+18,its saturday night and im all dressed up to go to the living room yay  i hope this pandemic gets over soon i miss socializing hahaha stayathome minor 2020  ¬©,"its saturday night and im all dressed up to go to the living room yay ü§© i hope this pandemic gets over soon! i miss socializing hahaha #stayathome #minor #2020

¬© @nianaguerrero https://t.co/P5ZPcOBvPu https://t.co/3corI6kK3U",saturday night im dress to go to the living room yay hope pandemic get soon miss socialize hahaha stayathome minor 2020 ¬©,100,to go
1.304785847477252e+18,387355972.0,non essential offices and call centres can reopen following implementation of relevant guidance not before the 1st ocotoberwould this be enhanced covid secure measures  i and my team provide catering in an non essential office and cannot work from home obviously thanks,"@jasonleitch ""Non essential offices and call centres can reopen following implementation of relevant guidance"" not before the 1st Ocotober...would this be enhanced covid secure measures? 
I and my team provide catering in an non essential office and cannot work from home obviously. Thanks.",non essential office call centre reopen follow implementation relevant guidance the 1st ocotoberwould enhance covid secure measure team provide catering non essential office work from home obviously thanks,100,work from home
1.3047858478464243e+18,246507254.0,im raising money for help to work from home during the pandemic click to donate  via,I'm raising money for Help to work from home during the PANDEMIC.. Click to Donate:  https://t.co/mmmKt2yzyh via @gofundme,im raise money help to work from home the pandemic click to donate via,100,work from home
1.3047858601021645e+18,17417406.0,oh i must panic amp run around with my hair on fire now that i‚Äôve learned djt said he should not panic but be calm and resolute regarding china virus dems liars fear amp criticize everything saying they could do better it‚Äôs like a kiss amp a promise b4 you get screwed vote‚Äôem out,Oh! I must panic &amp; run around with my hair on fire now that I‚Äôve learned DJT said he should not panic but be calm and resolute regarding China virus. Dems liars fear &amp; criticize everything saying they could do better. It‚Äôs like a kiss &amp; a promise b4 you get screwed. Vote‚Äôem out!,oh must panic amp run around hair fire  learn djt say panic calm resolute regard china virus dems liar fear amp criticize everything say could do well  like kiss amp promise b4 get screw vote  em out,100,learn
1.304785863193231e+18,29727188.0,if u ignore what‚Äôs important it becomes urgent loving the session with  workmode wfh,If u ignore what‚Äôs important it becomes urgent!! Loving the session with @imshivkhera #Workmode #WFH,u ignore  important becomes urgent love the session workmode wfh,100,wfh
1.30478587315064e+18,9.42654915175891e+17,lets all come together and create our symbol of gratitude for those who leave no stone unturned to safeguard us always   indiaskarunaquilt quiltforwarriors gratitudepatch blocklove pandemic inthistogether feelings gratitude  bollywood love india instagram tiktok,"Let's all come together and create our symbol of gratitude for those who leave no stone unturned to safeguard us always üòá

#indiaskarunaquilt #quiltforwarriors #gratitudepatch #blocklove #pandemic #InThisTogether #feelings #gratitude 
#bollywood #love #india #instagram #tiktok https://t.co/5oPCJro7tR",let come together create symbol gratitude leave no stone unturned to safeguard u always indiaskarunaquilt quiltforwarriors gratitudepatch blocklove pandemic inthistogether feeling gratitude bollywood love india instagram tiktok,100,tiktok
1.3047858848735475e+18,1.00728403844327e+18,waiveoffhalfthefees reducembbsfees       this year due to covid nhl professors are busy and so no online lectures are being given to 3rd year mbbs students so the students have to self learn,"#WaiveOffHalfTheFees
#ReduceMBBSFees
@vijayrupanibjp
@Nitinbhai_Patel
@Guj_Medicos
@AmdavadAMC
@Guj_MSA
@Amc_Gujarat
This year due to Covid, NHL professors are busy and so no online lectures are being given to 3rd year MBBS students. So the students have to self learn,",waiveoffhalfthefees reducembbsfees year due to covid nhl professor busy no online lecture give to 3rd year mbbs student the student to self learn,100,learn
1.3047858944868475e+18,9.043384542464164e+17,when i was 12 yo my dream job was to be an architect bc i knew i could work from home lol,when i was 12 yo my dream job was to be an architect bc i knew i could work from home lol,12 yo dream job to architect bc knew could work from home lol,100,work from home
1.304785909615747e+18,8.6988338399155e+17,how true is this  especially the first 2 during work from home covid19india mobility,How true is this üòÑ especially the first 2 during work from home! #COVID19India #mobility https://t.co/s5sryboCu9,true especially the first 2 work from home covid19india mobility,100,work from home
1.3047859201518346e+18,1.1845912881353687e+18,work from home walk you home kali,@ncitybase_ work from home? walk you home kali,work from home walk home kali,100,work from home
1.3047859268920525e+18,94940537.0,some siliconvalley companies like vmare and twitter are allowing some staff to permanently work from home but cutting the salaries of those who move out of the bay area via,"Some #SiliconValley companies, like VMare and Twitter, are allowing some staff to permanently work from home, but cutting the salaries of those who move out of the Bay Area https://t.co/uIy7l84Sai via @technology",siliconvalley company like vmare twitter allow staff to permanently work from home cut the salary move out the bay area via,100,work from home
1.304785929220096e+18,474409162.0,arent fedex workers supposed to be wearing their masks when they do their delivery,Aren't FedEx workers supposed to be wearing their masks when they do their delivery ü§î,arent fedex worker suppose to wear mask do delivery,100,delivery
1.3047859454016635e+18,9.81955593434026e+17,please tell the supervisor at blt pool the unofficial mask rule she made me wear a mask to go to the bathroom inside the pool gates,@DisTouristBlog Please tell the Supervisor at BLT pool the unofficial mask rule. She made me wear a mask to go to the bathroom inside the pool gates.,please tell the supervisor at blt pool the unofficial mask rule make wear mask to go to the bathroom inside the pool gate,100,to go
1.3047859550192804e+18,7.438719982003241e+17,drive thru covid testing site at university town center in sarasota is closed down   anyone know why,"Drive thru Covid testing site at University Town Center in
Sarasota is closed down. 

Anyone know why?",drive thru covid test site at university town center sarasota close anyone know,100,drive thru
1.3047859614866964e+18,1.2706662353032315e+18,mentally challenged fools think 1 that during a lockdown gdp will zoom 2 that everyone will get triple promotion and become ceos 3 all loans will be repaid including those created as part of the phone a loan scam 1n,"@RahulGandhi Mentally challenged fools think
1. That during a lockdown GDP will zoom
2. That everyone will get triple promotion and become CEOs.
3. All loans will be repaid including those created as part of the phone a loan scam
1/n",mentally challenged fool think 1 lockdown gdp zoom 2 everyone get triple promotion become ceo 3 loan repaid include create part the phone loan scam 1n,100,zoom
1.3047859652154368e+18,7.172032835768074e+17,only 70 more weeks of lockdown to go,@Stu_N @RogerHighfield Only 70 more weeks of Lockdown to go,70 week lockdown to go,100,to go
1.3047859679291963e+18,4463111833.0,we need a covid vaccine because kylepantemoji needs to go outside,we need a covid vaccine because k*ylepantemoji needs to go outside,need covid vaccine kylepantemoji need to go outside,100,to go
1.3047859696615793e+18,1.2420870378110195e+18,the start of the chain claims it and you are defending it read the article and learn the truth about covid deaths,@Bashothad @Progress2026 @scott_ensley @paulestorey @samanthamarika1 The start of the chain claims it and you are defending it. Read the article and learn the truth about COVID deaths.,the start the chain claim defend read the article learn the truth covid death,100,learn
1.3047859720355635e+18,2824120349.0,wheres that new healthcare bill you promised why did you hold rallies after learning about covid why did you have to pay stormys legal bills why is your family using private emails to conduct official business why are you committing a felony in telling ppl to vote twice,@realDonaldTrump Where's that new healthcare bill you promised? Why did you hold rallies after learning about COVID? Why did you have to pay Stormy's legal bills? Why is your family using private emails to conduct official business? Why are you committing a felony in telling ppl to vote twice?,wheres new healthcare bill promise hold rally learn covid to pay stormys legal bill your family use private email to conduct official business commit felony tell ppl to vote twice,100,learn
1.304785973281198e+18,312519117.0,the gym is open  i want to go but i‚Äôm not it‚Äôs already hot and musty in there everyday no need to get the hot and nasty coronavirus with it mixed in,The gym is open. üëÄ I want to go but I‚Äôm not. It‚Äôs already hot and musty in there everyday. No need to get the hot and nasty coronavirus with it mixed in.,the gym open want to go   already hot musty everyday no need to get the hot nasty coronavirus mixed,100,to go
1.3047860039960494e+18,1.0026099355139892e+18,if were about to go into a second lockdown up here can someone adopt me i dont wanna quarantine in this house again i dont think my mh could take it,if we're about to go into a second lockdown up here can someone adopt me i dont wanna quarantine in this house again i dont think my mh could take it,to go second lockdown someone adopt dont wan na quarantine house dont think mh could take,100,to go
1.304786024036524e+18,17972456.0,today i and many others celebrate you toots for the song the story and the vibe that you created with your music and brought to the world another great artist taken out by covid ‚Äútime tough‚Äù rip tootshibbert,"Today I, and many others, celebrate you, Toots, for the song, the story and the vibe that you created with your music and brought to the world. Another great artist taken out by covid. ‚ÄúTime tough...‚Äù RIP #tootshibbert https://t.co/AzktowU2c7",today many others celebrate toot the song the story the vibe create your music brought to the world another great artist take out covid  time tough  rip tootshibbert,100,take out
1.3047861081239347e+18,216377820.0,the public is deeply skeptical about any coronavirus vaccine approved before the november election and only 42 would be willing to get a vaccine in that scenario according to a new poll learn more now,"The public is deeply skeptical about any coronavirus vaccine approved before the November election, and only 42% would be willing to get a vaccine in that scenario, according to a new poll. Learn more now:  https://t.co/XXf9W7rwKN",the public deeply skeptical coronavirus vaccine approve the november election 42 would willing to get vaccine scenario accord to new poll learn,100,learn
1.3047861091976724e+18,953037240.0,notlongnow  classes resume on monday we can‚Äôt wait to see you thank you  for helping to clear the dance studio it‚Äôs all ready to go covidsafe  please remember no parents in building social distance no bare feet hair in bun  nvsdd,"#notlongnow üíï classes resume on Monday! We can‚Äôt wait to see you! Thank you @Marist_Sport for helping to clear the Dance Studio! It‚Äôs all ready to go! #covidsafe 
Please remember: no parents in building, social distance, no bare feet, hair in bun! üòÄ
‚ù§Ô∏èNVSDD https://t.co/1Yu2bI4zQK",notlongnow class resume monday  wait to see thank help to clear the dance studio  ready to go covidsafe please remember no parent building social distance no bare foot hair bun nvsdd,100,to go
1.3047861097595003e+18,138510614.0,kim yu md faafp covidready the joint virtual conference by  with   and others is fantastic sign up here to view sessions and learn more about covid19 familymedicinestrong inspirecreatelead,"Kim Yu, MD, FAAFP https://t.co/6dZd7127g7 #COVIDready The Joint Virtual Conference by @SCCM with @AAFP, @ACPinternists and others is fantastic! Sign up here https://t.co/82SdiYTndu to view sessions and learn more about #COVID19! #FamilyMedicineStrong #inspirecreatelead https://t.co/aK8jlM7zrx",kim yu md faafp covidready the joint virtual conference others fantastic sign to view session learn covid19 familymedicinestrong inspirecreatelead,100,learn
1.3047861106948667e+18,1.2648260706597888e+18,its saturday night and im all dressed up to go to the living room yay  i hope this pandemic gets over soon i miss socializing hahaha stayathome minor 2020  ¬©,"its saturday night and im all dressed up to go to the living room yay ü§© i hope this pandemic gets over soon! i miss socializing hahaha #stayathome #minor #2020

¬© @nianaguerrero https://t.co/x3kuQEs3wl",saturday night im dress to go to the living room yay hope pandemic get soon miss socialize hahaha stayathome minor 2020 ¬©,100,to go
1.3047861429826273e+18,1.2254530075521477e+18,guess u thought twitler has learned his lesson he will b more straightforward next pandemic,@SenatorCollins Guess u thought twitler has learned his lesson- he will b more straightforward next pandemic.,guess u thought twitler learn lesson b straightforward next pandemic,100,learn
1.304786177942315e+18,7.744166974531871e+17,i‚Äôm needing you to go after barr we got the coronavirus skills down,@SpeakerPelosi I‚Äôm needing you to go after Barr. We got the coronavirus skills down, need to go barr get the coronavirus skill,100,to go
1.304786188247511e+18,2191251702.0,maybe herd immunity would work maybe it wouldnt even if it did countless lives would be lost if it didnt many more countless lives would be lost and it would be too late to go back it is a needless loss imo considering that preventions and treatments are in the pipeline,"@flybyjones_tony @DeborahGayleRo1 @ProjectLincoln Maybe herd immunity would work, maybe it wouldn't. Even if it did, countless lives would be lost. If it didn't many more countless lives would be lost and it would be too late to go back. It is a needless loss, IMO, considering that preventions and treatments are in the pipeline.",maybe herd immunity would work maybe wouldnt even countless life would lose didnt many countless life would lose would late to go back needle loss imo consider prevention treatment the pipeline,100,to go
1.3047861905545994e+18,97051744.0,due to covid the market completely changed it is a sellers market homes are getting at leads hundreds of thousands over asking price people need bigger homes due to wfh and they‚Äôre truly investing in their homes,"@Ktank06 @KeirnThomas Due to COVID, the market completely changed. It is a sellers market. Homes are getting at leads hundreds of thousands over asking price. People need bigger homes due to WFH and they‚Äôre truly investing in their homes.",due to covid the market completely change seller market home get at lead hundred thousand ask price people need big home due to wfh  truly invest home,100,wfh
1.3047861997652255e+18,1.1942647594467164e+18,covid got all this zombie shit on netflix and i keep watching it,Covid got all this zombie shit on Netflix and I keep watching it,covid get zombie shit netflix keep watch,100,netflix
1.3047862013255148e+18,1.279515300376064e+18,in georgia its  and there is no reason to go to polls to verify your absentee or mail in ballot trump is lying to you again and has no concern for you taking excessive risks to covid 19,"@Bill19300155 In Georgia it's https://t.co/GlrYekKogD.  And there is no reason to go to polls to verify your absentee or mail in ballot, Trump is lying to you again and has no concern for you taking excessive risks to Covid 19.",georgia no reason to go to poll to verify your absentee mail ballot trump lie to no concern take excessive risk to covid 19,100,to go
1.3047862022525092e+18,390051930.0,how do they know there is no track and trace app and most people working from home so the only place you can really measure spread is in the home,"@its_johnmartin How do they know? There is no track and trace app and most people working from home, so the only place you can really measure spread is in the home.",do know no track trace app people work from home the place really measure spread the home,100,work from home
1.3047862193232732e+18,2205137062.0,really so when we have to go into lockdown again because of idiots not doing what they are told you will look like a right plonker,@TVKev @ThoughtPoliceXX Really so when we have to go into lockdown again because of idiots not doing what they are told you will look like a right plonker,really to go lockdown idiot told look like right plonker,100,to go
1.304786257483096e+18,124488056.0,hey hitorratech if you want to try a really cool app which lets you instantly transcribe or translate webex cisco zoom bluejeans try 90 off during covid 1304770582601437186,hey hitorraTech if you want to try a really cool app which lets you instantly transcribe or translate webex cisco zoom bluejeans try https://t.co/geTYMtShbg 90% off during covid! 1304770582601437186,hey hitorratech want to try really cool app let instantly transcribe translate webex cisco zoom bluejeans try 90 covid 1304770582601437186,100,zoom
1.3047862649489572e+18,1543187526.0,externships next year giving me stress a lot of the places i want to go won‚Äôt confirm cause of covid which understandable,"Externships next year giving me stress, a lot of the places I want to go won‚Äôt confirm cause of covid which understandable üò≠",externships next year give stress lot the place want to go  confirm cause covid understandable,100,to go
1.3047862749983867e+18,210874199.0,my company has gone fully remote and im despairing who wins in the new world of working from home smartnews,My company has gone fully remote and I'm despairing': who wins in the new world of working from home? https://t.co/giKhmOvlO2 #SmartNews,company go fully remote im despair win the new world work from home smartnews,100,remote
1.3047862751075164e+18,18721034.0,remote working  the challenges and opportunities when working from home,"Remote working - the challenges and opportunities when working from home

https://t.co/ENGNKFYSae",remote work the challenge opportunity work from home,100,remote
1.304786291146416e+18,1.2459802548474225e+18,my company has gone fully remote and im despairing who wins in the new world of working from home,"My company has gone fully remote and I'm despairing': who wins in the new world of working from home?
https://t.co/EjZy45TylK",company go fully remote im despair win the new world work from home,100,remote
1.3047863148947497e+18,3223517814.0,for anyone working from home i highly recommend these videos of cafe sounds they give you the feeling of being at a cafe and you can concentrate more    one example you can find more   wfh,"For anyone working from home, I highly recommend these videos of cafe sounds. They give you the feeling of being at a cafe and you can concentrate more. 
 
One example (you can find more):
https://t.co/kAqTu21Bsw

#WFH",anyone work from home highly recommend video cafe sound give the feel at cafe concentrate one example find wfh,100,work from home
1.3047863227295662e+18,1.2353817794285527e+18,damn i‚Äôm gonna have to go searching when quarantine isn‚Äôt over lmao,@yanandjin Damn I‚Äôm gonna have to go searching when quarantine isn‚Äôt over lmao,damn  gon na to go search quarantine  lmao,100,to go
1.3047863603483484e+18,2353957952.0,why did kanye stop praising god cant you zoom politics covid 19,@TeamKanyeDaily WHY DID KANYE STOP PRAISING GOD? CAN'T YOU ZOOM? POLITICS... COVID 19....,kanye stop praise god cant zoom politics covid 19,100,zoom
1.3047863603568187e+18,32620198.0,tomorrow in bible study well learn about isaiahs calling more importantly well learn what  isaiah six has to say to gods people as we reset from covid19 here are the notes,"Tomorrow in Bible study we'll learn about Isaiah's calling. More importantly we'll learn what  Isaiah six has to say to God's people as we ""reset"" from COVID-19. Here are the notes. https://t.co/oPW9A6DqBk",tomorrow bible study well learn isaiah call importantly well learn isaiah six to say to god people reset from covid19 the note,100,learn
1.304786361237504e+18,65707070.0,i want to go to a packers game  i really hate covid,I Want To Go To A Packers Game üò© I Really Hate Covid,want to go to packer game really hate covid,100,to go
1.3047863729816655e+18,7.547108776311972e+17,websites paying you to earn 20 per hour work from home jobs that pay well makemoneyonline workfromhome,Websites Paying YOU to EARN $20+ Per Hour (Work From Home Jobs That Pay Well) https://t.co/SZl0Ia1MHx #makemoneyonline #workfromhome,website pay to earn 20 per hour work from home job pay well makemoneyonline workfromhome,100,work from home
1.3047863803594342e+18,233465681.0,my job sent me all the necessary materials i need to work from home but the package bandit left everything except my monitor,My job sent me all the necessary materials I need to work from home. But the package bandit left everything except my monitor üò©,job sent the necessary material need to work from home the package bandit left everything except monitor,100,work from home
1.304786389490434e+18,617853906.0,workfromhome remote work remotework affiliateprogram check my website for my top affiliate programs referral links cashback sites shopping sites and travel sites,"#Workfromhome #remote #work #remotework #affiliateprogram Check my website for my top affiliate programs, referral links, cashback sites, shopping sites and travel sites https://t.co/vBHLD11zwQ",workfromhome remote work remotework affiliateprogram check website top affiliate program referral link cashback site shopping site travel site,100,remote
1.304786394393522e+18,1350598190.0,you are obsessed with people working from home most people who work from home are lucky to work 2 hours a day time to get all employees back in the office,@GovRaimondo you are obsessed with people working from home most people who work from home are lucky to work 2 hours a day time to get all employees back in the office,obsess people work from home people work from home lucky to work 2 hour day time to get employee back the office,100,work from home
1.3047863993845965e+18,4789274367.0,yes after months of lockdown i finally succumbed to netflix,@MadFckingWitch Yes after months of lockdown I finally succumbed to Netflix!,yes month lockdown finally succumbed to netflix,100,netflix
1.3047864052441416e+18,7.050215092077732e+17,i would to thank  with there efforts in helping with the spread of coronavirusuk   making sure people are wearing masks before entering   plenty of hand sanitizer stations   clear signage to show people which direction to go,"I would to thank @intuTrafford with there efforts in helping with the spread of #coronavirusuk 

Making sure people are wearing masks before entering ‚ùå

Plenty of hand sanitizer stations ‚ùå

Clear signage to show people which direction to go ‚ùå",would to thank effort help the spread coronavirusuk make sure people wear mask enter plenty hand sanitizer station clear signage to show people direction to go,100,to go
1.304786409639809e+18,363970674.0,slept so good i thought i was late for work lmao and i work from home,Slept so good I thought I was late for work lmao and I work from home,slept good thought late work lmao work from home,100,work from home
1.304786459409494e+18,8.855331746332549e+17,as someone who works i retail why would you want to put other people at risk just because you cant work from home your answer is incredibly selfish,@Spacer359 @MSFTBusinessUK As someone who works I retail why would you want to put other people at risk just because you can't work from home? Your answer is incredibly selfish.,someone work retail would want to put people at risk cant work from home your answer incredibly selfish,100,work from home
1.3047864646816604e+18,1613308716.0,pedowood saveourchildren savethechildren  thats the real pandemicnot climatecrisis as purported by youampyour ilk ca dems lower the penalties for pedophiliaampput a pedo movie on netflix cancelnetflix   fighting for environ justice vs exploitation of children ‚Äç,"@SpeakerPelosi #PedoWood #SaveOurChildren #SaveTheChildren - THATs the REAL #pandemic-not #ClimateCrisis as purported by you&amp;your ilk. ""CA #Dems lower the penalties for pedophilia&amp;put a pedo movie on Netflix!"" #CancelNetFlix 

Fighting for environ. ""justice"" vs exploitation of children. ü§¶‚Äç‚ôÄÔ∏èü§¨ https://t.co/rHcii57LlM",pedowood saveourchildren savethechildren thats the real pandemicnot climatecrisis purport youampyour ilk ca dems low the penalty pedophiliaampput pedo movie netflix cancelnetflix fight environ justice v exploitation child ‚Äç,100,netflix
1.3047864791770317e+18,7.823475279242566e+17,get your wfh hustle on build your own business edition giveaway win,Get Your #WFH Hustle On: Build Your Own Business Edition #giveaway #win https://t.co/IXE3VcF3Xg,get your wfh hustle build your business edition giveaway win,100,wfh
1.304786483778388e+18,137144052.0,lol  i am working from home today,#lol  I am working from home today ü§£ü§£ü§£ https://t.co/n46QMceZmI,lol work from home today,100,work from home
1.304786487750406e+18,8.323291505685258e+17,great to be backtoschool backtoschool2020 let‚Äôs take the learning outside outdoorlearning outdoors,Great to be #backtoschool #backtoschool2020 Let‚Äôs take the learning outside #outdoorlearning #outdoors üòä https://t.co/yjAVgYtbsV,great to backtoschool backtoschool2020 let  take the learn outside outdoorlearning outdoors,100,learn
1.3047864948176975e+18,21160721.0,encourage families to look into homeschooling kids do better on their sats and acts plus they learn how to selfgovern study independently and generally are strong citizens with a good work ethic,"@realDonaldTrump Encourage families to look into #Homeschooling. Kids do better on their SATs and ACTs, plus they learn how to self-govern, study independently, and generally are strong citizens with a good work ethic.",encourage family to look homeschooling kid do well sat act plus learn to selfgovern study independently generally strong citizen good work ethic,100,learn
1.304786497682518e+18,216124912.0,heard from parliaments of greece amp austria switching fluently btwn teams amp zoom now on to  for how africanlii amp lawsafrica have been rapidly publishing covid legislation from multiple african countries  very impressive,"Heard from Parliaments of Greece &amp; Austria (switching fluently btwn Teams &amp; Zoom).
Now on to @mariyabb for how AfricanLII &amp; Laws-Africa have been rapidly publishing Covid legislation from multiple African countries - very impressive. https://t.co/UuQPBRwzZ9",heard from parliament greece amp austria switch fluently btwn team amp zoom to africanlii amp lawsafrica rapidly publishing covid legislation from multiple african country impressive,100,zoom
1.304786516317741e+18,470239173.0,remember hulu removed an episode of golden girls because the actors had spa face masks on and netflix removed the show little britain because the white characters played other races as they defend cuties and lecture you to just watch the show and stop whining,"Remember, Hulu removed an episode of Golden Girls because the actors had spa face masks on and Netflix removed the show Little Britain because the white characters played other races as they ""defend"" 'Cuties' and lecture you to just watch the show and stop whining.",remember hulu remove episode golden girl the actor spa face mask netflix remove the show little britain the white character played race defend cuties lecture to watch the show stop whine,100,netflix
1.3047865211957166e+18,233465681.0,my job sent me all the necessary materials i need to work from home for the rest of the year but the package bandit left everything except my monitor,My job sent me all the necessary materials I need to work from home for the rest of the year. But the package bandit left everything except my monitor üò©,job sent the necessary material need to work from home the rest the year the package bandit left everything except monitor,100,work from home
1.304786535229788e+18,7.806283762980166e+17,uh doesn‚Äôt he work from home,@DougDodsonENews Uh doesn‚Äôt he work from home,uh  work from home,100,work from home
1.304786576820646e+18,1.195156433077252e+18,do you think  has taken this time in quarantine to learn how to use proper diction and hit the center of the pitch when she‚Äôs singing,Do you think @LanaDelRey has taken this time in quarantine to learn how to use proper diction and hit the center of the pitch when she‚Äôs singing?,do think take time quarantine to learn to use proper diction hit the center the pitch  sing,100,learn
1.3047865834644027e+18,274606620.0,well i‚Äôve put minimal miles on my vehicle since everyone is work from home and that‚Äôs about it,@JohnathanPerk Well I‚Äôve put minimal miles on my vehicle since everyone is work from home and that‚Äôs about it ü•¥,well  put minimal mile vehicle since everyone work from home ,100,work from home
1.3047866225259848e+18,1.1043078287754036e+18,the worst part about working from home rn is the unwanted guests that make such a god damn racket while you‚Äôre trying to do your job,The worst part about working from home rn is the unwanted guests that make such a god damn racket while you‚Äôre trying to do your job.,the bad part work from home rn the unwanted guest make god damn racket  try to do your job,100,work from home
1.304786625927549e+18,501838664.0,we lost our friendly game against west brom and people were freaking out only for us to go on a great run of games post lockdown its not that deep,"@Evan_UTD @ronmrl @utdreport We lost our friendly game against West Brom and people were freaking out, only for us to go on a great run of games post lockdown. It's not that deep.",lose friendly game west brom people freak out u to go great run game post lockdown deep,100,to go
1.304786630298022e+18,4099044527.0,celebrate canadianmusic and enjoy human by  on  at dedicated to all going backtoschool,Celebrate #CanadianMusic and enjoy Human by @HerBrothers on @PopCanRadio at https://t.co/fspYHv6rTi Dedicated to all going #BackToSchool,celebrate canadianmusic enjoy human at dedicate to go backtoschool,100,to go
1.30478663528917e+18,1345043875.0,remote experienced haskell developer  with a competitive salary  check out this role working with haskell  remotework remotejobs haskell,"Remote Experienced Haskell Developer  with a competitive salary

Check out this role working with Haskell

#remotework #remotejobs #haskell

https://t.co/ZtZmAIX4co",remote experienced haskell developer competitive salary check out role work haskell remotework remotejobs haskell,100,remote
1.3047866357967544e+18,1.1735580851531205e+18,remote experienced haskell developer  with a competitive salary  descriptionhaskeller we have a spot reserved just for you  remotework remotejobs haskell,"Remote Experienced Haskell Developer

with a competitive salary

DescriptionHaskeller, we have a spot reserved just for you.

#remotework #remotejobs #haskell

https://t.co/mwmTq4dokQ",remote experienced haskell developer competitive salary descriptionhaskeller spot reserve remotework remotejobs haskell,100,remote
1.3047866480817605e+18,374311710.0,approximately 40 of americans are working remotely now up from 5 historically and long after the pandemic is over we might see 20 of the workforce continuing to work from home,"Approximately 40% of Americans are working remotely now, up from 5% historically, and long after the pandemic is over, we might see 20% of the workforce continuing to work from home. https://t.co/l7pByEqlgY https://t.co/YOupAw3TMU",approximately 40 american work remotely from 5 historically long the pandemic might see 20 the workforce continue to work from home,100,remote
1.3047866529262756e+18,838239127.0,want to work from home how to make a convincing case for homeworking,Want to work from home? How to make a convincing case for #homeworking https://t.co/G4XOj8tCaj,want to work from home to make convincing case homeworking,100,work from home
1.3047866654000865e+18,1.2931622931995443e+18,earn 5000 working  from home without sending money to anyone through forex trading   type info or inbox me,"@QuickTake @business Earn $5000+ working  from home without sending money to anyone through forex trading  
Type INFO or INBOX ME",earn 5000 work from home without send money to anyone forex trading type info inbox,100,work from home
1.3047866753909678e+18,102583126.0,if sleepy and commy win then america loses sleepy will be sawing logs as commy and her band of radicals destroy the usa all sleepy does is provide cover for them working remotely will go from working at home to working from costa rica adios america trump2020landslide maga,"If Sleepy and Commy win then America loses. Sleepy will be sawing logs as Commy and her band of radicals destroy the USA. All Sleepy does is provide cover for them. Working remotely will go from working at home to working from Costa Rica. Adios, America! #Trump2020Landslide #MAGA",sleepy commy win america loses sleepy saw log commy band radical destroy the usa sleepy provide cover work remotely go from work at home to work from costa rica adios america trump2020landslide maga,100,work at home
1.3047068869151212e+18,9.962613067631164e+17,i swear to god bts next comeback will be huge many people have become armys this quarantine a lot of locals listened to bts dynamite not to mention uglies tried to ruin bts career and we‚Äôre known to put our anger into streaming songs,"i swear to God, bts next comeback will be huge. many people have become armys this quarantine. a lot of locals listened to bts dynamite. not to mention, uglies tried to ruin bts career and we‚Äôre known to put our anger into streaming songs.",swear to god bts next comeback huge many people become army quarantine lot local listen to bts dynamite to mention ugli try to ruin bts career  know to put anger stream song,100,to go
1.3047434530167808e+18,9.53663868659798e+17,if covid19 is over namjoon will want to go to museums more especially he really wants to visit mus√©e dorsay   in paris  since hes never been in there,"If COVID19 is over, Namjoon will want to go to museums more, especially he really wants to visit Mus√©e d'Orsay (Ïò§Î•¥ÏÑ∏ ÎØ∏Ïà†Í¥Ä) in Paris üá´üá∑ since he's never been in there. @BTS_twt https://t.co/NsYTn4sS3l",covid19 namjoon want to go to museum especially really want to visit mus√©e dorsay paris since he never,100,to go
1.3047777870736056e+18,71023061.0,its a rough life for lee corso working from home,It's a rough life for Lee Corso working from home üòÇ https://t.co/2S7962Goy0,rough life lee corso work from home,100,work from home
1.304484488488067e+18,8.362266872726323e+17,4 who‚Äôs who learn more about the key players in the government‚Äôs pandemic response from task force members and public health officials to lobbyists and drug companies,"4/ Who‚Äôs Who: Learn more about the key players in the government‚Äôs pandemic response, from task force members and public health officials to lobbyists and drug companies.
https://t.co/Xiqmh53JOv https://t.co/YJKhZTICpt",4  learn the key player the government  pandemic response from task force member public health official to lobbyist drug company,100,learn
1.3047802000440443e+18,91478624.0,here are 3 ways to maintain your sense of purpose while working from home,Here are 3 ways to maintain your sense of purpose while working from home: https://t.co/ndqX3NmR2S https://t.co/MCgDTrfNIN,3 way to maintain your sense purpose work from home,100,work from home
1.304744880736891e+18,1.191935744220246e+18,war room pandemic ep 381 ‚Äì 911 heroism sacrifice and lessons learned pt1 via,"War Room: Pandemic Ep 381 ‚Äì 9/11 Heroism, Sacrifice, and Lessons Learned Pt.1 https://t.co/7HAjhqBnps via @Gnews202064",war room pandemic ep 381 ‚Äì 911 heroism sacrifice lesson learn pt1 via,100,learn
1.3047591017806193e+18,193605652.0,when he‚Äôs so excited to go home but quarantine is waving   laters baby   hyunbin binjin,"When he‚Äôs so excited to go home but quarantine is waving.. 

Laters baby ü§≠üòÇ

#HyunBin #BinJin #ÌòÑÎπà https://t.co/AVcSN9MgCp", excite to go home quarantine wave laters baby hyunbin binjin,100,to go
1.3046572407674388e+18,20578408.0,covid19  world should learn from pakistan says who chief  pakistan‚Äôs successful handling of the coronavirus pandemic is getting international recognition,"#COVID19 : World should learn from #Pakistan, says WHO chief 
Pakistan‚Äôs successful handling of the #coronavirus pandemic is getting international recognition
https://t.co/Y02nhwUlC0",covid19 world learn from pakistan say chief pakistan  successful handle the coronavirus pandemic get international recognition,100,learn
1.3044860172783206e+18,83851167.0,‚Å¶‚Å© spoke to me about making music watching netflix and working out during quarantine ‚Å¶‚Å© dynamite,".‚Å¶@BTS_twt‚Å© spoke to me about making music, watching Netflix and working out during quarantine ‚Å¶@CNN‚Å© #Dynamite üí• üé∂  https://t.co/7gnCmSPt2l",‚Å¶‚Å© spoke to make music watch netflix work out quarantine ‚Å¶‚Å© dynamite,100,netflix
1.3047845859774833e+18,741337705.0,rt  cc    a global map of innovative solutions created in response to covid19 gtgtgt  via  gtgtgt ai iot healthtech telemedicine datascience dataanalytics gtgtgt,"RT: @MikeQuindazzi
CC @Antgrasso @Fisher85m

A global map of #Innovative solutions created in response to #COVID19 &gt;&gt;&gt; @StartupBlink via @MikeQuindazzi &gt;&gt;&gt; #AI #IoT #HealthTech #Telemedicine #DataScience #DataAnalytics &gt;&gt;&gt; https://t.co/4BJ3WZVN1t https://t.co/3kLk63Mk1p",rt cc global map innovative solution create response to covid19 gtgtgt via gtgtgt ai iot healthtech telemedicine datascience dataanalytics gtgtgt,100,telemedicine
1.3046683845633966e+18,1.1171651588188774e+18,we are officially on a permanent bts lockdown learn to not care about the dogs barking,"We are officially on a PERMANENT BTS LOCKDOWN.
Learn to not care about the dogs barking.",officially permanent bts lockdown learn to care the dog barking,100,learn
1.3045659046221947e+18,289130236.0,wear your mask i want to go to a concert,Wear your mask. I want to go to a concert.,wear your mask want to go to concert,100,to go
1.3036981823884247e+18,3320509150.0,new remote job  mobile developer  remotework remotejobs workfromhome,üíª New Remote Job! üëâ MOBILE DEVELOPER @LoudlyGmbh https://t.co/sYjtMw0GPI #remotework #remotejobs #workfromhome,new remote job mobile developer remotework remotejobs workfromhome,100,remote
1.3036981846323323e+18,3320509150.0,new remote job  client solutions architect  design fulltime remotework remotejobs workfromhome,üíª New Remote Job! üëâ Client Solutions Architect @WallarooLabs #Design #FullTime https://t.co/KKRPdjijVw #remotework #remotejobs #workfromhome,new remote job client solution architect design fulltime remotework remotejobs workfromhome,100,remote
1.3036981884323223e+18,3320509150.0,new remote job  lead product designer  fulltime remotefriendly remotework remotejobs workfromhome,üíª New Remote Job! üëâ Lead Product Designer @Restream #FullTime #RemoteFriendly https://t.co/jQED0S1Sfh #remotework #remotejobs #workfromhome,new remote job lead product designer fulltime remotefriendly remotework remotejobs workfromhome,100,remote
1.304772898775851e+18,17626317.0,remember hulu removed an episode of golden girls because the actors had spa face masks on and netflix removed the show little britain because the white characters played other races as they defend cuties and lecture you to just watch the show and stop whining,"Remember, Hulu removed an episode of Golden Girls because the actors had spa face masks on and Netflix removed the show Little Britain because the white characters played other races as they ""defend"" 'Cuties' and lecture you to just watch the show and stop whining.",remember hulu remove episode golden girl the actor spa face mask netflix remove the show little britain the white character played race defend cuties lecture to watch the show stop whine,100,netflix
1.304733452818952e+18,75078358.0,turn your phone upside down to learn how to wear a mask correctly   ironically he who cannot wear a straight mask has been imposed on the nation with a commitment to bring change  i guess ‚Äúultee tabdeeli,"Turn your phone upside down to learn how to wear a mask correctly. 

Ironically he who cannot wear a straight mask has been imposed on the nation with a commitment to bring change üòÇ I guess ‚Äúultee tabdeeli‚Äùü§î https://t.co/mYGGcpjTk0",turn your phone upside to learn to wear mask correctly ironically wear straight mask impose the nation commitment to bring change guess  ultee tabdeeli,100,learn
1.304543618842194e+18,272765346.0,i swear to god i thought my knees were going to explode   also my wife is using covid as an excuse to not let my son get a haircut shenanigans,"I swear to god I thought my knees were going to explode. 

Also, my wife is using Covid as an excuse to not let my son get a haircut. Shenanigans https://t.co/h0RawcqDTK",swear to god thought knee go to explode also wife use covid excuse to let son get haircut shenanigan,100,to go
1.3047654357333235e+18,1.1515145760658268e+18,who declared that other countries must learn from pakistan regarding dealing with corona  worldpraisepmikpolicies,"WHO declared that other countries must learn from Pakistan regarding dealing with corona

#WorldPraisePMIKPolicies https://t.co/Dd4GDDaeUj",declare country must learn from pakistan regard deal corona worldpraisepmikpolicies,100,learn
1.304765422114308e+18,1.1515145760658268e+18,the world needs to learn from pakistan about how to cope with coronavirus worldpraisepmikpolicies,"The world needs to learn from Pakistan about how to cope with coronavirus
#WorldPraisePMIKPolicies https://t.co/3wcH9oXpky",the world need to learn from pakistan to cope coronavirus worldpraisepmikpolicies,100,learn
1.304770819030098e+18,61533959.0,covid19 world should learn from pakistan says who chief  bhakts,"COVID-19: World should learn from Pakistan, says WHO chief

Bhakts :
https://t.co/so8R9opVgF",covid19 world learn from pakistan say chief bhakts,100,learn
1.304774339292729e+18,5120691.0,7 countries we can all learn from to fight future pandemics according to the  health coronavirus,"7 countries we can all learn from to fight future pandemics, according to the @WHO https://t.co/0Zddh56RUC #health #coronavirus https://t.co/BVNGfPtzSA",7 country learn from to fight future pandemic accord to the health coronavirus,100,learn
1.3044200942321009e+18,507438992.0,interested in designing a research project during the time of covid19 join curators from  on september 16 from 1200 to 130 pm to learn how to conduct research online and adapt your research process to a virtual environment register today,Interested in designing a research project during the time of COVID-19? Join curators from @NDLibraries' on September 16 from 12:00 to 1:30 pm to learn how to conduct research online and adapt your research process to a virtual environment. Register today! https://t.co/ruZiPToniD https://t.co/LS9waeNU7S,interested design research project the time covid19 join curator from september 16 from 1200 to 130 pm to learn to conduct research online adapt your research process to virtual environment register today,100,learn
1.3047708331272192e+18,2715046843.0,why i think policy makers have the responsibility to take sarscov2 serious amp protect all citizens if you let this virus spread protection will become a luxury that you can buy yourself if you are privileged go by car work from home have your child looked after at home 14,"Why I think policy makers have the responsibility to take #SARSCoV2 serious &amp; protect all citizens: If you let this virus spread, protection will become a luxury, that you can buy yourself if you are privileged: go by car, work from home, have your child looked after at home 1/4",think policy maker the responsibility to take sarscov2 serious amp protect citizen let virus spread protection become luxury buy privileged go car work from home your child look at home 14,100,work from home
1.3047440469932485e+18,2776059768.0,you know he lied about the virus because he wanted people to go back to work right he wanted people to go back to work so the economy wouldnt tank and affect his ratings your loved ones dying that was just collateral to him if you are a sociopath dead people mean nothing,"You know he lied about the virus, because he wanted people to go back to work, right?
He wanted people to go back to work so the economy wouldn't tank and affect his ratings.
Your loved ones dying, that was just collateral to him.
If you are a sociopath dead people mean nothing. https://t.co/sgKSXIV4cO",know lie the virus want people to go back to work right want people to go back to work the economy wouldnt tank affect rating your love one die collateral to sociopath dead people mean nothing,100,to go
1.3047818165833318e+18,5120691.0,will history repeat itself after coronavirus    learn more about the potential impact of the pandemic on peace,"Will history repeat itself after coronavirus? 

üîé Learn more about the potential impact of the pandemic on peace: https://t.co/acOhvXpRCi https://t.co/29qSqV78CS",history repeat coronavirus learn the potential impact the pandemic peace,100,learn
1.304636873579479e+18,444120026.0,i have learned that diners driveins and dives in a covid world is restaurants sending guy fieri ingredients and then him making the dishes with his sons i cannot begin to explain how much this warms my heart,"i have learned that Diners, Drive-Ins and Dives in a COVID world is restaurants sending Guy Fieri ingredients and then him making the dishes with his sons. i cannot begin to explain how much this warms my heart",learn diner driveins dive covid world restaurant send guy fieri ingredient make the dish son begin to explain much warms heart,100,learn
1.3033775586632458e+18,241227689.0,are we working from home or living at work,Are we working from home or living at work? https://t.co/XzM4vcoIdi,work from home living at work,100,work from home
1.3047480847657615e+18,8.742656123939226e+17,q if there was no corona whered you want to go rm oh theres so many places i want to go first honestly if there was no corona id want to go to art galleries  theres so much i expect itd be the same for you too,"Q: If there was no corona, where'd you want to go?
RM: Oh, there's so many places I want to go. First, honestly, if there was no corona, I'd want to go to art galleries ... there's so much. I expect it'd be the same for you too.",q no corona whered want to go rm oh there many place want to go first honestly no corona id want to go to art gallery there much expect itd the,100,to go
1.3047848174776607e+18,464909482.0,from last month   a significant chunk of fox corp‚Äôs employee base is likely to work from home for the rest of 2020 to keep the coronavirus from spreading among staffers the company‚Äôs chief executive revealed in a memo  doesn‚Äôt sound like we‚Äôre all moving on,"@IngrahamAngle From last month: 

A significant chunk of Fox Corp.‚Äôs employee base is likely to work from home for the rest of 2020 to keep the coronavirus from spreading among staffers, the company‚Äôs chief executive revealed in a memo.

Doesn‚Äôt sound like we‚Äôre all moving on.",from last month significant chunk fox corp  employee base likely to work from home the rest 2020 to keep the coronavirus from spread among staffer the company  chief executive reveal memo  sound like  move,100,work from home
1.3047725109033943e+18,60435440.0,the parents and the shows producers need to all go to jail meanwhile your child is forced to wear a maskmuzzle at school for safety,"@DrShayPhD The parents _and_ the show's producers need to all go to jail! Meanwhile, _your child_ is forced to wear a mask/muzzle at school for ""safety.""",the parent the show producer need to go to jail meanwhile your child force to wear maskmuzzle at school safety,100,to go
1.3046023792752187e+18,16025112.0,today is worldfirstaidday learning firstaid is essential even more during a pandemic  first aid save lives,"Today is #WorldFirstAidDay. Learning #FirstAid is essential even more during a pandemic. ‚õë
First aid save lives. ‚ù§Ô∏è https://t.co/BBpOiCmmIU",today worldfirstaidday learn firstaid essential even pandemic first aid save life,100,learn
1.304723307317457e+18,2926013582.0,i was not feeling well from past few days amp i decided to go for covid19 test amp unfortunately my test came out positive need prayers for a speedy recovery inshaallah,"I was not feeling well from past few days &amp; I decided to go for Covid-19 test &amp; unfortunately my test came out positive. Need prayers for a speedy recovery, #InshaAllah.",feel well from past day amp decide to go covid19 test amp unfortunately test come out positive need prayer speedy recovery inshaallah,100,to go
1.3047520746940375e+18,589223553.0,learn about coronavirus covid19 cases in ontario schools and what happens if an outbreak is confirmed at your school data is published weekdays at 1030¬†am,"Learn about coronavirus (COVID-19) cases in Ontario schools and what happens if an outbreak is confirmed at your school. Data is published weekdays at 10:30¬†a.m.
https://t.co/IXy3jtens3",learn coronavirus covid19 case ontario school happens outbreak confirm at your school data publish weekday at 1030,100,learn
1.3047823988408852e+18,1632710958.0,living my best quarantine life  its all here even the amazon delivery box   dcfc,"Living my best quarantine life ‚öΩ It's all here. Even the Amazon delivery box.
@dcfcofficial @ReadingFC #dcfc https://t.co/hUTfkUSCan",living best quarantine life even the amazon delivery box dcfc,100,delivery
1.3047355953910702e+18,44424064.0,so the 2nd wave in spain is now affecting care homes too no longer just the young can we learn from this,"So the 2nd wave in Spain is now affecting care homes too, no longer just the young... can we learn from this? https://t.co/I4HNmUzFFd",the 2nd wave spain affect care home no longer the young learn from,100,learn
1.3046880310651412e+18,190960735.0,many organisations have learning from covid19 projects its not just about what weve learntdone differently amp want to keep doing but about how we build our capability to keep learning we need learning systems amp learning organisations ty,"Many organisations have ""learning from #Covid19"" projects. It's not just about what we've learnt/done differently (&amp; want to keep doing) but about how we build our capability to keep learning. We need learning systems &amp; learning organisations: https://t.co/ONuemP0tuj TY @tnvora https://t.co/o4efTsCAAQ",many organisation learn from covid19 project weve learntdone differently amp want to keep build capability to keep learn need learn system amp learn organisation ty,100,learn
1.304036426653356e+18,592730371.0,just a clip of democrats telling people covid is the flu and to go to chinatown,Just a clip of Democrats telling people COVID is the flu and to go to Chinatown https://t.co/tHCT1AXatg,clip democrat tell people covid the flu to go to chinatown,100,to go
1.3047794625468457e+18,67612556.0,police brutality citizens delivery agents harassed amid lockdown  police are reportedly assaulting people for going out sometimes even when they are engaged in essential services,"Police Brutality: Citizens, Delivery Agents Harassed Amid Lockdown

Police are reportedly assaulting people for going out, sometimes even when they are engaged in essential services.

https://t.co/osLnTgTFl3",police brutality citizen delivery agent harass amid lockdown police reportedly assault people go out sometimes even engage essential service,100,delivery
1.3046987650774385e+18,292385312.0,what we have learned from the pandemic is that you have to automate what you can automate says  vice president and principal analyst  techhrsg,"""What we have learned from the pandemic is that you have to automate what you can automate,"" says @holgermu, Vice President and Principal Analyst, @constellationr. #TechHRSG
https://t.co/vPfYvb7ZQd",learn from the pandemic to automate automate say vice president principal analyst techhrsg,100,learn
1.3045104689088184e+18,45362455.0,i honestly think she‚Äôs just mocking me now wfh wfhlife catsofinstagram catstagram tabbycatsofinstagram starksisters arya,I honestly think she‚Äôs just mocking me now. #wfh #wfhlife #catsofinstagram #catstagram #tabbycatsofinstagram #starksisters #arya https://t.co/kJELpaA4tN,honestly think  mock wfh wfhlife catsofinstagram catstagram tabbycatsofinstagram starksisters arya,100,wfh
1.3047814548036977e+18,95151029.0,the world should learn from pakistan in order  to cope with covid19 pandemic,"The world should learn from Pakistan in order  to cope with #Covid_19 Pandemic. 
 https://t.co/WlsVJ6YsqO",the world learn from pakistan order to cope covid19 pandemic,100,learn
1.3047266923683512e+18,235107122.0,a friend of a friend was asked to go to a coronavirus centre 65 miles away to get a test for her child with a fever she doesn‚Äôt own a car another told they would have to wait at least two days never mind moonshot mass testing i‚Äôd settle for broadly functional,A friend of a friend was asked to go to a coronavirus centre 65 miles away to get a test for her child with a fever. She doesn‚Äôt own a car. Another told they would have to wait at least two days. Never mind moonshot mass testing; I‚Äôd settle for broadly functional.,friend friend ask to go to coronavirus centre 65 mile away to get test child fever  car another told would to wait at least two day never mind moonshot mass test  settle broadly functional,100,to go
1.3047397223681103e+18,7.938927606212895e+17,covid ergo zoom,Covid ergo zoom,covid ergo zoom,100,zoom
1.3047315400735089e+18,391769437.0,been working from home these past few days so yesterday was a good break   the shutdown may have diminished our audience but work continues   we‚Äôre serving more platforms now w morning reports for teleradyo aside from breaking news for anc dotcom and tv patrol  tuloylang,"Been working from home these past few days so yesterday was a good break. 

The shutdown may have diminished our audience but work continues. 

We‚Äôre serving more platforms now w/ morning reports for TeleRadyo aside from breaking news for ANC, dotcom and TV Patrol.

#TuloyLang https://t.co/2vcirn7aki",work from home past day yesterday good break the shutdown may diminish audience work continue  serve platform w morning report teleradyo aside from break news anc dotcom tv patrol tuloylang,100,work from home
1.3030174509262067e+18,146569971.0,use caution when relying on gaiters and face shields to help protect yourself and others from covid19 researchers are currently investigating their effectiveness learn more,Use caution when relying on gaiters and face shields to help protect yourself and others from #COVID19. Researchers are currently investigating their effectiveness. Learn more: https://t.co/iOQv5OMdKA. https://t.co/qbLQn00kFI,use caution rely gaiter face shield to help protect others from covid19 researcher currently investigate effectiveness learn,100,learn
1.301995311410426e+18,2425151.0,peter is now a parent himself to his adopted son anthony he feels their time together in quarantine has been a blessing and with the new school year beginning they‚Äôre not just remote learning theyre learning about each other too,"Peter is now a parent himself to his adopted son Anthony. He feels their time together in quarantine has been a blessing. And with the new school year beginning, they‚Äôre not just remote learning, they're learning about each other, too. https://t.co/vlZiVgqS7I",peter parent to adopt son anthony feel time together quarantine blessing the new school year begin  remote learn theyre learn,100,learn
1.3047410009974743e+18,156692504.0,ready to go here at craven cottage for fulham v arsenal the first game of new season   didn‚Äôt plan for my face mask to match arsenal‚Äôs new third kit   ffc afc fulars myplmorning,"üëä Ready to go here at Craven Cottage for Fulham v Arsenal, the first game of new season! 

Didn‚Äôt plan for my face mask to match Arsenal‚Äôs new third kit... 

#FFC #AFC #FULARS #MyPLMorning https://t.co/e1RPf5gt3U",ready to go at craven cottage fulham v arsenal the first game new season  plan face mask to match arsenal  new third kit ffc afc fulars myplmorning,100,to go
1.3047796984850268e+18,8.453862332201533e+17,some silicon valley companies like vmare and twitter are allowing some staff to permanently work from home but cutting the salaries of those who move out of the bay area via,"Some Silicon Valley companies, like VMare and Twitter, are allowing some staff to permanently work from home, but cutting the salaries of those who move out of the Bay Area https://t.co/iX0AlVIr6i via @technology",silicon valley company like vmare twitter allow staff to permanently work from home cut the salary move out the bay area via,100,work from home
1.3043869639450007e+18,57627076.0,just to proof that cbds are bleeding already due to the remotework rise current infrastructure projects may not stack up in postcovid world by  wright in  wfh remoterocks,"Just to proof, that CBDs are bleeding already due to the #remotework rise:
Current infrastructure projects 'may not stack up' in post-COVID world by @swrighteconomy Wright in @smh
#WFH #remoterocks
https://t.co/zgCUBe0sdw",to proof cbds bleeding already due to the remotework rise current infrastructure project may stack postcovid world wright wfh remoterocks,100,remote
1.3047805648982303e+18,415773218.0,wearing a mask takes some getting used to dont wear your mask on your chin arm or dangling from your ear in between use    to learn more about proper mask use visit,"Wearing a mask takes some getting used to. Don't wear your mask on your chin, arm, or dangling from your ear in between use.  

To learn more about proper mask use, visit https://t.co/QE776CS0n7 https://t.co/R7lKzuRSq8",wear mask take get use to dont wear your mask your chin arm dangle from your ear use to learn proper mask use visit,100,learn
1.3047818124056904e+18,995906432.0,as  positive covid19 cases increase students are getting concerned theyll have to go remote  are staying on high alert as they look for large gatherings offcampus,"As @sunyoswego positive COVID-19 cases increase, students are getting concerned they'll have to go remote. @OswegoPoliceNY are staying on high alert as they look for large gatherings off-campus. @CNYCentral https://t.co/yn6ZvLJfwP",positive covid19 case increase student get concerned theyll to go remote stay high alert look large gathering offcampus,100,remote
1.304546553969795e+18,409371254.0,we are excited to see  win a silver stevie award for most valuable corporate response to covid19 the award highlights take care a free grocery delivery program to atrisk community members and   a resource for people impacted by job loss,"We are excited to see @BitwiseInd win a Silver Stevie Award for Most Valuable Corporate Response to COVID-19. The award highlights Take Care, a free grocery delivery program to at-risk community members, and 
@OnwardUs, a resource for people impacted by job loss! https://t.co/pSk1MTZ2TH",excite to see win silver stevie award valuable corporate response to covid19 the award highlight take care free grocery delivery program to atrisk community member resource people impact job loss,100,delivery
1.304508536320295e+18,45362455.0,i don‚Äôt think my assistant is taking her job seriously  wfh wfhlife catsofinstagram catstagram tabbycatsofinstagram starksisters arya,I don‚Äôt think my assistant is taking her job seriously. ü§î #wfh #wfhlife #catsofinstagram #catstagram #tabbycatsofinstagram #starksisters #arya https://t.co/0j7eiqtYCY, think assistant take job seriously wfh wfhlife catsofinstagram catstagram tabbycatsofinstagram starksisters arya,100,wfh
1.24334590634018e+18,1115739060.0,i‚Äôm working from home  but as a bartender,I‚Äôm working from home.  But as a bartender., work from home bartender,100,work from home
1.3045402246350395e+18,22159841.0,preventing people from accessing abortion through telehealth only increases their likelihood of getting covid19,Preventing people from accessing abortion through telehealth only increases their likelihood of getting COVID-19.,prevent people from access abortion telehealth increase likelihood get covid19,100,telehealth
1.299438737370341e+18,146569971.0,wearamask to help slow the spread of covid19 when selecting a mask you have many choices avoid masks made of materials that make it too hard to breathe allow covid19 particles to escape or are intended for healthcare workers learn more,"#WearAMask to help slow the spread of COVID-19. When selecting a #mask, you have many choices. Avoid masks made of materials that make it too hard to breathe, allow #COVID19 particles to escape, or are intended for healthcare workers. Learn more: https://t.co/iOQv5OMdKA. https://t.co/S4e107SVgj",wearamask to help slow the spread covid19 select mask many choice avoid mask make material make hard to breathe allow covid19 particle to escape intend healthcare worker learn,100,learn
1.3047063200927252e+18,17525171.0,what has selena gomez learned about herself during quarantine it‚Äôs definitely the most time i‚Äôve spent on my own probably since i was 16 at first it was super uncomfortable more so because of the anxiety i was carrying,"What has Selena Gomez learned about herself during quarantine? ""It‚Äôs definitely the most time I‚Äôve spent on my own probably since I was 16. At first it was super uncomfortable, more so because of the anxiety I was carrying"" https://t.co/5XLxY000Y6",selena gomez learn quarantine  definitely the time  spent probably since 16 at first super uncomfortable the anxiety carry,100,learn
1.3046275109869568e+18,86626845.0,adding to the list of egregious antiscience  pandemic actions we now learn that since april the  censored and hijacked the mmwr reports that keep the medical community abreast,"Adding to the list of egregious anti-science @WhiteHouse pandemic actions, we now learn that since April the @CDCgov censored and hijacked the MMWR reports that keep the medical community abreast
https://t.co/OVFf2iOdeS @politico @ddiamond",add to the list egregious antiscience pandemic action learn since april the censor hijack the mmwr report keep the medical community abreast,100,learn
1.304706346504409e+18,7439692.0,come near to god and he will come near to you wash your hands you sinners and purify your hearts you doubleminded  james 48,"Come near to God and He will come near to you. Wash your hands, you sinners, and purify your hearts, you double-minded. - James 4:8 https://t.co/B7T0rfqLmS",come near to god come near to wash your hand sinner purify your heart doubleminded james 48,100,to go
1.3047845946050847e+18,531638793.0,has the pandemic lockdown wfh negatively affected your mental health,"Has the pandemic, lockdown, WFH, negatively affected your mental health?",the pandemic lockdown wfh negatively affected your mental health,100,wfh
1.3044979873646835e+18,45362455.0,my rainy day assistant wfh wfhlife catsofinstagram catstagram tabbycatsofinstagram starksisters arya,My rainy day assistant. #wfh #wfhlife #catsofinstagram #catstagram #tabbycatsofinstagram #starksisters #arya https://t.co/OSuumI2mtG,rainy day assistant wfh wfhlife catsofinstagram catstagram tabbycatsofinstagram starksisters arya,100,wfh
1.3047857292776243e+18,1.15995563663496e+18,i want to go to scotland because my family has a lot of history there,I want to go to Scotland because my family has a lot of history there,want to go to scotland family lot history,100,to go
1.304785918235218e+18,947726978.0,way to go canada,Way to go Canada!!! üá®üá¶,way to go canada,100,to go
1.3047859362707333e+18,22175337.0,this is great but absolutely not a sign that people should stop taking covid seriously with what were learning about longterm effects is a night out at belfast love really worth it if covid takes 20 years off your life,"This is great, but absolutely not a sign that people should stop taking COVID seriously. With what we're learning about long-term effects, is a night out at Belfast Love really worth it if COVID takes 20 years off your life?",great absolutely sign people stop take covid seriously learn longterm effect night out at belfast love really worth covid take 20 year your life,100,learn
1.304785958563385e+18,1.2941329858187343e+18,i‚Äôll admit that i‚Äôm siding with dr fauci so i can keep teleworking,I‚Äôll admit that I‚Äôm siding with Dr. Fauci so I can keep teleworking ü§£ü§£ü§£ü§£, admit  side dr fauci keep teleworking,100,telework
1.304785959448445e+18,1.1792107347959887e+18,and they didn‚Äôt have to,And they didn‚Äôt have to., to,100,to go
1.304786036011065e+18,2476451725.0,zoom meeting ft noche buena,zoom meeting ft. noche buena,zoom meeting ft noche buena,100,zoom
1.304786039005995e+18,1.0782661958942474e+18,waaaaaaaiiitttt if he plans to go ti paris in next summer then there‚Äôs a possibility i might see him,"waaaaaaaiiitttt if he plans to go ti paris in next summer then there‚Äôs a possibility i might see him????,,,",waaaaaaaiiitttt plan to go ti paris next summer  possibility might see,100,to go
1.3047860878235116e+18,1.287400597503836e+18,if you care to learn the real truth which you don‚Äôt trump dismantles the pandemic response protocol leadership starts with the usa,"@REPsmile If you care to learn the real truth, which you don‚Äôt, Trump dismantles the Pandemic Response Protocol. Leadership starts with the USA. https://t.co/UZ2INAmMXK",care to learn the real truth  trump dismantles the pandemic response protocol leadership start the usa,100,learn
1.3047861046133064e+18,1496519006.0,it‚Äôs time to go french revolution on queen pelosi,It‚Äôs time to go French Revolution on Queen Pelosi, time to go french revolution queen pelosi,100,to go
1.304786135722406e+18,8.988104229832622e+17,never to god fuckkkk would never have guessed that,Never to god? Fuckkkk would never have guessed that,never to god fuckkkk would never guess,100,to go
1.3047861923035628e+18,28036923.0,the only good thing i have learned in quarantine is how much i love mandy patinkin and his family,The only good thing I have learned in quarantine is how much I love Mandy Patinkin and his family.,the good thing learn quarantine much love mandy patinkin family,100,learn
1.3047863144626255e+18,19114577.0,we go,We go:,go,100,to go
1.3047863761944863e+18,9.172376507462368e+17,this is a fact i feel like most tech jobs are remote now due to covid so you might as double up increase your time management skills and you‚Äôre good to go,"This is a fact. I feel like most tech jobs are remote now due to COVID, so you might as double up. Increase your time management skills and you‚Äôre good to go",fact feel like tech job remote due to covid might double increase your time management skill  good to go,100,remote
1.304786393776812e+18,7.567762582985769e+17,dont mandatory coins both side are pessimistic  its possible to one side may be optimistic  sometimes we dont accept but like that paradigm is here  sometime teacher also learn from his student,"Don't mandatory coin's both side are pessimistic , it's possible to one side may be optimistic .. sometimes we don't accept but like that paradigm is here ... Sometime teacher also learn from his student .  @Jksoniias @AwanishSharan",dont mandatory coin side pessimistic possible to one side may optimistic sometimes dont accept like paradigm sometime teacher also learn from student,100,learn
1.304786448709714e+18,222433064.0,looking forward to worshipping together online with our church family  tomorrow as we start our new sermon series on ‚Äòmission shaped living‚Äô sundaysonline churchonline missionshapedliving worship birminghamlockdown covid19 stayalertsavelives,Looking forward to worshipping together online with our church family @StJohnsHarborne tomorrow as we start our new sermon series on ‚ÄòMission Shaped Living‚Äô! #SundaysOnline #ChurchOnline #MissionShapedLiving #Worship #BirminghamLockdown #COVID19 #StayAlertSaveLives,look forward to worship together online church family tomorrow start new sermon series ‚Äò mission shape living  sundaysonline churchonline missionshapedliving worship birminghamlockdown covid19 stayalertsavelives,100,online church
1.3047864593968906e+18,168868989.0,she gone,She gone,go,100,to go
1.3047865168755876e+18,15563102.0,no worries im sure he has learned his lesson,"No worries, I'm sure he has learned his lesson.",no worry im sure learn lesson,100,learn
1.3047866630385705e+18,9.193692975997664e+17,how does he know ive been yearning to go to an art gallery,How Does He Know I've Been Yearning To Go To An Art Gallery,know ive yearn to go to art gallery,100,to go
1.304476563140903e+18,146569971.0,as of september 7 national forecasts suggest from 3300 to 8000 new covid19 deaths will be reported during the week ending october 3 these forecasts predict 205000 to 217000 total covid19 deaths in the us by october 3 learn more,"As of September 7, national forecasts suggest from 3,300 to 8,000 new #COVID19 deaths will be reported during the week ending October 3. These forecasts predict 205,000 to 217,000 total COVID-19 deaths in the US by October 3. Learn more: https://t.co/Ft6cgmaMPX. https://t.co/teaVGZKzic",september 7 national forecast suggest from 3300 to 8000 new covid19 death report the week end october 3 forecast predict 205000 to 217000 total covid19 death the u october 3 learn,100,learn
1.304484230496506e+18,2659372678.0,i‚Äòm sorry to say unless we want to repeat the horrors of the last six months on a larger scale the time for aggressive lockdown is now  avoid unnecessary travel work from home if you can wash your hands and wear a mask protect the nhs,"I‚Äòm sorry to say, unless we want to repeat the horrors of the last six months on a larger scale, the time for aggressive lockdown is NOW.

Avoid unnecessary travel, work from home if you can, wash your hands and wear a mask. Protect the NHS.",‚Äò sorry to say unless want to repeat the horror the last six month large scale the time aggressive lockdown avoid unnecessary travel work from home wash your hand wear mask protect the nh,100,work from home
1.3044940453062533e+18,3235425966.0,out now  please go check out and listen to my new single faith on you it is available in all digital platforms and enjoy   link for spotify   anyminutenow  september11  cancelnetflix  covid19  nedbankdidit,"OUT NOW!!! üî•
Please go check out and listen to my New Single ""Faith On You"" it is available in all Digital Platforms And Enjoy!!! üòÅüíØüî•üî•

Link For Spotify:
https://t.co/iv4e18kxN7

#AnyMinuteNow 
#September11 
#CancelNetflix 
#COVID19 
#NedbankDidIt https://t.co/LbbEom02qW",out please go check out listen to new single faith available digital platform enjoy link spotify anyminutenow september11 cancelnetflix covid19 nedbankdidit,100,netflix
1.3047855553440522e+18,1483713006.0,unconfirmed with txst coaching staff but the word is quarterback brady mcbride and cornerback jarron morris will not play against utsa due to either contact tracing or testing positive expect tyler vitt to go for the bobcats,"Unconfirmed with #TXST coaching staff, but the word is quarterback Brady McBride and cornerback Jarron Morris will not play against #UTSA due to either contact tracing or testing positive. Expect Tyler Vitt to go for the Bobcats.",unconfirmed txst coach staff the word quarterback brady mcbride cornerback jarron morris play utsa due to either contact trace test positive expect tyler vitt to go the bobcat,100,to go
1.304612742767112e+18,7.41605069947179e+17,no your attitude is one of selfentitlement  i never griped about having to go through what the system requires of me  why should you get an easy pass and not me  if you‚Äôre going to change the test might as well keep it similar to what i and other lawyers had to go through,"@alittleleader No, your attitude is one of self-entitlement.  I never griped about having to go through what the system requires of me.  Why should you get an easy pass and not me?  If you‚Äôre going to change the test, might as well keep it similar to what I and other lawyers had to go through.",no your attitude one selfentitlement never griped to go the system require get easy pas  go to change the test might well keep similar to lawyer to go,100,to go
1.3045524805802148e+18,8.247326138018284e+17,i am very glad i am too old to have to go to college and figure out how to avoid covid19 because i just dont think its possible,I am very glad I am too old to have to go to college and figure out how to avoid COVID-19 because I just don't think it's possible.,glad old to to go to college figure out to avoid covid19 dont think possible,100,to go
1.30451178379801e+18,2383882980.0,here is the viral video  watch learn and share,"Here is the viral video - watch, learn and share!  https://t.co/IHorspIQdj",the viral video watch learn share,100,learn
1.3040885121746207e+18,12848262.0,this ceo has locked into a multiyear lease for his 10000squarefoot head office which costs hundreds of thousands of dollars  but because his staff prefer working from home the office will sit empty and hes ok with that,"This CEO has locked into a multi-year lease for his 10,000-square-foot head office, which costs hundreds of thousands of dollars.

But because his staff prefer working from home, the office will sit empty. And he's OK with that. https://t.co/Cu2z8lr3Tx",ceo lock multiyear lease 10000squarefoot head office cost hundred thousand dollar staff prefer work from home the office sit empty he ok,100,work from home
1.304576935243272e+18,166751745.0,i‚Äôve just canceled my netflix membership,I‚Äôve just canceled my Netflix membership., cancel netflix membership,100,netflix
1.3046045676323963e+18,10926202.0,i learned we can open the schools in los angeles when its safe  after the election,I learned we can open the schools in Los Angeles when it's safe  after the election,learn open the school los angeles safe the election,100,learn
1.304782944276537e+18,3723675076.0,iggy azalea meets up with the viral willy wonka tiktok account for new videos,Iggy Azalea meets up with the viral Willy Wonka TikTok account for new videos. üç´ https://t.co/PGnP5oFalh,iggy azalea meet the viral willy wonka tiktok account new video,100,tiktok
1.3047746522969167e+18,62458211.0,i know multiple people doing it  and  and many more are its okay you werent aware plenty of remote it jobs available that you are doing the same work same job title,"@LogFitz6 I know multiple people doing it (@iamKierraD and @princessxaph and many more are. It's okay you weren't aware, PLENTY of remote IT jobs available that you are doing the same work same job title",know multiple people many okay werent aware plenty remote job available the work job title,100,remote
1.304078688879747e+18,36774033.0,wearing cloth masks in public can help stop the spread of covid19 but cloth masks won‚Äôt protect you from small particles in wildfire smoke limit your time outside when it‚Äôs smoky learn more,"Wearing cloth masks in public can help stop the spread of #COVID19, but cloth masks won‚Äôt protect you from small particles in #wildfire smoke. Limit your time outside when it‚Äôs smoky. Learn more: https://t.co/jE1UsuXhtj https://t.co/DvoCdZJkHV",wear cloth mask public help stop the spread covid19 cloth mask  protect from small particle wildfire smoke limit your time outside  smoky learn,100,learn
1.3047857778811617e+18,2510446998.0,we are really looking forward to starting our new sermon series on mission shaped living tomorrow morning   join us for online church sunday at 1000,"We are really looking forward to starting our new sermon series on 'Mission Shaped Living' tomorrow morning! 

Join us for online Church, Sunday at 10.00
https://t.co/bx89bjfWNE https://t.co/UTNPFVqIwT",really look forward to start new sermon series mission shape living tomorrow morning join u online church sunday at 1000,100,online church
1.304770983996412e+18,184789840.0,mr cuomoover¬≠rode lo¬≠cal govs that wanted to go be¬≠yond the state‚Äôs so¬≠cialdis¬≠tanc¬≠ing rules that de¬≠layed the shut¬≠down slowed the re¬≠ac¬≠tion time as the virus spread in nurs¬≠ing homes con¬≠tribut¬≠ing to the na¬≠tion‚Äôs high¬≠est death toll,"‚ÄúMr. Cuomo...over¬≠rode lo¬≠cal govs that wanted to go be¬≠yond the state‚Äôs so¬≠cial-dis¬≠tanc¬≠ing [rules]. That de¬≠layed the shut¬≠down... slowed the re¬≠ac¬≠tion time as the virus spread in nurs¬≠ing homes, con¬≠tribut¬≠ing to the na¬≠tion‚Äôs high¬≠est death toll.‚Äù https://t.co/smVBUJ68Ni",mr cuomoover¬≠rode lo¬≠cal govs want to go be¬≠yond the state  so¬≠cialdis¬≠tanc¬≠ing rule de¬≠layed the shut¬≠down slow the re¬≠ac¬≠tion time the virus spread nurs¬≠ing home con¬≠tribut¬≠ing to the na¬≠tion  high¬≠est death toll,100,to go
1.3037269455076065e+18,275764511.0,don‚Äôt scapegoat students here you told students to go back to uni to form new households to socialise to work to rent this is an attempt to shirk responsibility away from an incompetent government onto the backs of students who you‚Äôve relied on to keep your economy running,"Don‚Äôt scapegoat students here. You told students to go back to Uni, to form new households, to socialise, to work, to rent. This is an attempt to shirk responsibility away from an incompetent government, onto the backs of students who you‚Äôve relied on to keep your economy running https://t.co/FbfOVCHD4F", scapegoat student told student to go back to uni to form new household to socialise to work to rent attempt to shirk responsibility away from incompetent government onto the back student  rely to keep your economy run,100,to go
1.3047855977526515e+18,35472060.0,don‚Äôt put our teachers lives at risk  parents feel safer with remote learning too why risk the lives of our kids amp our teachers when you don‚Äôt have to remote learning is completely efficient and way better than dead hero teachers,DON‚ÄôT PUT OUR TEACHERS LIVES AT RISK @NYCMayor PARENTS FEEL SAFER WITH REMOTE LEARNING TOO. WHY RISK THE LIVES OF OUR KIDS &amp; OUR TEACHERS WHEN YOU DON‚ÄôT HAVE TO??? REMOTE LEARNING IS COMPLETELY EFFICIENT AND WAY BETTER THAN DEAD HERO TEACHERS https://t.co/1GFfDDOMyb, put teacher life at risk parent feel safer remote learn risk the life kid amp teacher  to remote learn completely efficient way well dead hero teacher,100,remote
1.3046431536187635e+18,87679233.0,people cast votes for lots of reasons but i will say if you want the pandemic to go on forever joe biden‚Äôs your guy  it‚Äôs obvious now the response to the pandemic is the pandemic we can be sweden and get on with life or australia and pretend it‚Äôs an emergency your call,"People cast votes for lots of reasons. But I will say: if you want the pandemic to go on forever, Joe Biden‚Äôs your guy.

It‚Äôs obvious now: the response to the pandemic IS the pandemic. We can be Sweden and get on with life, or Australia and pretend it‚Äôs an emergency. Your call.",people cast vote lot reason say want the pandemic to go forever joe biden  your guy  obvious the response to the pandemic the pandemic sweden get life australia pretend  emergency your call,100,to go
1.3045296032397107e+18,78492615.0,order take out,üó£ORüó£DER üó£TAKE üó£OUT,order take out,100,take out
1.3047037778915164e+18,1121554471.0,have transferred rest of the amount to the girl savita when she learnt this is not a loan she looked so shocked i was the one with tears will post some videos tomorrow a 21yrold is debtfree after years thanks a lot for your support,"Have transferred rest of the amount to the girl, Savita. When she learnt this is not a loan, she looked so shocked I was the one with tears. Will post some videos tomorrow. A 21-yr-old is debt-free after years.
Thanks a lot for your support üôè",transfer rest the amount to the girl savita learnt loan look shock the one tear post video tomorrow 21yrold debtfree year thanks lot your support,100,learn
1.3047327871073976e+18,50769180.0,stay inside never leave your house no church friends work or play keep your kids on zoom classes  still panic pushing destructive and disgusting,"Stay inside! Never leave your house! No church, friends, work or play! Keep your kids on zoom classes!  Still panic pushing. Destructive and disgusting.",stay inside never leave your house no church friend work play keep your kid zoom class still panic push destructive disgust,100,zoom
1.3047560027100567e+18,1.0262636387163668e+18,the scientific comments about this study summary   extremely critical about lack of a control arm which is something we learn in 6th grade tell you all you need to know   yet it is pushed by big ten‚Äôs pr arm to justify their abomination of a decision,"The scientific comments about this study (summary ‚Äî extremely critical about lack of a control arm, which is something we learn in 6th grade) tell you all you need to know. 

Yet it is pushed by Big Ten‚Äôs PR arm to justify their abomination of a decision.",the scientific comment study summary extremely critical lack control arm something learn 6th grade tell need to know yet push big ten  pr arm to justify abomination decision,100,learn
1.3047851311152906e+18,225625133.0,there‚Äôs always more we can learn to enhance our work and our practices,There‚Äôs always more we can learn to enhance our work and our practices., always learn to enhance work practice,100,learn
1.3046422014780744e+18,2595812168.0,me mass remote learning might actually make education accessible for a lot of people   us education system no,"Me: Mass remote learning might actually make education accessible for a lot of people üòç

US education system: No üíñ",mass remote learn might actually make education accessible lot people u education system no,100,learn
1.304607770507907e+18,87679233.0,fact check it‚Äôs neither virus gonna virus  but if you want to wreck your economy completely shatter it hard lockdowns are definitely the way to go,"Fact check: it‚Äôs neither. Virus gonna virus.

But if you want to wreck your economy, completely shatter it, hard lockdowns are definitely the way to go.",fact check  neither virus gon na virus want to wreck your economy completely shatter hard lockdown definitely the way to go,100,to go
1.3047599787004147e+18,1.197564487034753e+18,inc upcc  took out protests against the yogi adityanath govt in the covid19 kit scam,INC UPCC @AjayLalluINC took out protests against the Yogi Adityanath govt in the Covid-19 kit scam,inc upcc take out protest the yogi adityanath govt the covid19 kit scam,100,take out
1.3047300714004275e+18,19564764.0,‚Ä¢ it‚Äôs a saturday soir√©e ‚Ä¢  join  amp myself by linking 12 tweets from you andor a friend  plenty of likes amp retweets to go around  entries end at 7pm est,"‚Ä¢ It‚Äôs a Saturday Soir√©e ‚Ä¢

Join @ByrdMan0914 &amp; myself by linking 1-2 tweets from you and/or a friend.

Plenty of likes &amp; retweets to go around!

Entries end at 7PM EST.

https://t.co/ugbD70Cm3z https://t.co/DrkfwU0cF6",‚Ä¢  saturday soir√©e ‚Ä¢ join amp link 12 tweet from andor friend plenty like amp retweets to go around entry end at 7pm est,100,to go
1.304785459592278e+18,1323248850.0,may i just add how well this precaution has worked for geneseo in comparison to other schools who didn‚Äôt require it and have since gone fully remote,...may I just add how well this precaution has worked for Geneseo in comparison to other schools who didn‚Äôt require it (and have since gone fully remote)?,may add well precaution work geneseo comparison to school  require since go fully remote,100,remote
1.304425030294614e+18,354072452.0,now girl dont u work from home,now girl dont u work from home,girl dont u work from home,100,work from home
1.3047310890098156e+18,4751374712.0,this florida teacher is covid zoom grooming kids to think we need a female president to stop our country from engaging in future wars  teaching kids that robotically stereotyping gender is the way to judge an individuals moral fiber  cant imagine hell have a job long,"This Florida teacher is ""Covid Zoom Grooming"" kids to think we need a female president to stop our country from engaging in future wars.  Teaching kids that robotically stereotyping gender is the way to judge an individual's moral fiber?  Can't imagine he'll have a job long.",florida teacher covid zoom groom kid to think need female president to stop country from engage future war teach kid robotically stereotype gender the way to judge individual moral fiber cant imagine hell job long,100,zoom
1.3047719623512924e+18,939021992.0,21 cases after 4 days no students in the buildings yet amp staff testing isn‚Äôt even mandatory    these are just cases based on people who chose to get a covid19 test    please reconsider your decision amp go full remote this semester   this is not safe,"21 cases after 4 days, no students in the buildings yet &amp; staff testing isn‚Äôt even mandatory.  

These are just cases based on people who chose to get a #Covid19 test.

@NYCMayor @DOEChancellor PLEASE reconsider your decision. &amp; go full remote this semester. 

This is not safe! https://t.co/sE2Iop0El6",21 case 4 day no student the building yet amp staff test  even mandatory case base people chose to get covid19 test please reconsider your decision amp go full remote semester safe,100,remote
1.303359988891517e+18,2989290909.0,new pod¬†  thenonedayhow a windmill helped a community in lockdown  we head to south london with  to learn how a group of locals restored  amp supplied 100s of bags of flour for a community in lockdown  out on apple amp spotify today,"NEW POD¬†üéôÔ∏è | ""#ThenOneDay...How a windmill helped a community in lockdown""

We head to South London with @Veronica_Soton to learn how a group of locals restored @brixtonwindmill &amp; supplied 100s of bags of flour for a community in lockdown.

Out on Apple &amp; Spotify today ‚¨áÔ∏è",new pod thenonedayhow windmill help community lockdown head to south london to learn group local restore amp supply 100 bag flour community lockdown out apple amp spotify today,100,learn
1.2946563394535793e+18,229907581.0,tips for rethinking teaching in 2020  featuring resources from     edtech remoteteaching remotelearning covid19 pandemicteaching wecandothis isteten,Tips for Rethinking Teaching in 2020 - featuring resources from @cultofpedagogy @jackiegerstein @sylviaduckworth  https://t.co/nUCtax6wkL #edtech #remoteteaching #remotelearning #Covid19 #pandemicteaching #wecandothis #isteten https://t.co/UNnUM4fC2q,tip rethink teach 2020 feature resource from edtech remoteteaching remotelearning covid19 pandemicteaching wecandothis isteten,100,learn
1.293706786277593e+18,2649892512.0,just learned my grandma has covid and is being transferred out of her assisted care center to a different facility  if you still arent wearing a mask i hope you burn in the deepest ugliest hell,"Just learned my grandma has COVID and is being transferred out of her assisted care center to a different facility.

If you still aren't wearing a mask I hope you burn in the deepest, ugliest hell.",learn grandma covid transfer out assist care center to different facility still arent wear mask hope burn the deepest ugliest hell,100,learn
1.304736385304207e+18,988858957.0,first ever zoom meeting of  with their beloved leader   he said all aap volunteers should augment the efforts of the government and other agencies by serving people during this unprecedented pandemic  oximitra  kejriwalbatsformumbai,"First ever zoom meeting of @AAPMumbai with their beloved leader @ArvindKejriwal 
He said all AAP volunteers should augment the efforts of the government and other agencies by serving people during this unprecedented pandemic. 
#Oximitra 
#KejriwalBatsForMumbai https://t.co/JS9Su7zs8p",first ever zoom meeting beloved leader say aap volunteer augment the effort the government agency serve people unprecedented pandemic oximitra kejriwalbatsformumbai,100,zoom
1.3043623137435607e+18,25073877.0,congratulations to jpmorgan chase for ordering everyone back to office on september 21st will always be better than working from home,Congratulations to JPMorgan Chase for ordering everyone BACK TO OFFICE on September 21st. Will always be better than working from home!,congratulation to jpmorgan chase order everyone back to office september 21st always well work from home,100,work from home
1.2353092941465395e+18,8.189486388902175e+17,reviewing the coronavirus supplemental appropriation and preparing to go vote,Reviewing the coronavirus supplemental appropriation and preparing to go vote. https://t.co/wjJ4YY4VZz,review the coronavirus supplemental appropriation prepare to go vote,100,to go
1.304738960837677e+18,1.2950455421589668e+18,quiet update to govt schools guidance schools reminds them of legal duty to protect everyone on site  gg only helps school meet legal obligations  implies they may need to go further based on evidence amp if found liable govt will invoke this clause,"Quiet update to Govt schools guidance schools reminds them of legal duty to protect everyone on site

GG only 'helps' school meet legal obligations

Implies they may need to go further based on evidence &amp; if found liable, Govt. will invoke this clause

https://t.co/D9iuQFarVT https://t.co/o7xKI7mG98",quiet update to govt school guidance school reminds legal duty to protect everyone site gg help school meet legal obligation implies may need to go base evidence amp found liable govt invoke clause,100,to go
